en,sv
):,):
:(,:(
:),:)
a-list,a-lista
abandon,överge
abdomen,buk
abortion,abort
above,ovan
abs,magmuskler
absent,frånvarande
absolute,absolut
absolutely,absolut
abstain,avstå
abuse,missbruk
abusi,missbr
academia,akademien
academic,akademisk
academics,akademiker
academies,akademier
academy,akademi
accept,acceptera
accepta,acceptera
accepted,accepterad
accepting,acceptera
accepts,accepterar
acclaimed,uppmärksammad
accomplice,medbrottsling
accomplish,utföra
account,uttalande
accrue,tillfalla
accura,exak
ache,värk
achievable,uppnåeligt
achieve,uppnå
achievi,uppn
aching,värk
acne,acne
acquainta,bekan
activat,aktiver
active,aktiv
actively,aktivt
add,lägg till
added,lagt till
addict,missbrukare
adding,tillsats
adds,lägger till
administr,admin
admir,beundr
admit,erkänna
admits,erkänner
admitted,erkände
admitting,att erkänna
ador,kärle
adult,vuxen
adults,vuxna
advantag,fördel
adventur,ävent
advers,negat
advertising,reklam
advice,råd
advil,advil
advis,råd
aerobic,aerobic
af,af
affair,affär
affect,påverka
affected,påverkade
affecting,påverkar
affection,tillgivenhet
affects,påverkar
affordable,prisvärd
afraid,rädd
after,efter
afterlife,livet efter detta
age,ålder
agencies,byråer
agency,byrå
agent,ombud
agents,ombud
aggravat,förvärr
aggress,aggress
aggressed,angripen
aggresses,angriper
aggressing,att angripa
aggression,aggression
aggressive,aggressiv
aggressively,aggressivt
aggressor,angripare
agitat,upprö
agnost,agnost
agoniz,vånd
agony,vånda
agree,hålla med
agreeable,angenäm
agreeableness,behag
agreeably,angenämt
agreed,höll med
agreeing,hålla med
agreement,avtal
agrees,instämmer
ahead,framöver
aids,aids
alarm,larm
alcohol,alkohol
alike,lika
alive,levande
all,allt
alla,alla
allah,allah
allerg,allerg
allot,tilldela
allow,tillåta
ally,allierad
almost,nästan
alone,ensam
alot,mycket
alright,okej
altar,altare
altogether,sammanlagt
always,alltid
amateur,amatör
amaze,förvåna
amazing,fantastisk
amazingly,otroligt
ambigu,tvetyd
ambition,ambition
ambitions,ambitioner
ambitious,ambitiös
ambitiousness,ambitionsnivå
amen,amen
amigo,vän
amish,amish
amor,kärlek
amount,belopp
amounts,mängder
amput,amput
amus,ro
anal,anal
analy,analy
angel,ängel
angelic,änglalik
angels,änglar
anger,ilska
angrier,argare
angriest,argast
angry,arg
anguish,ångest
ankle,vrist
annoy,irritera
annoyed,irriterad
annoying,irriterande
annoys,retar
anonymous,anonym
anorexi,anorexi
another,annan
antacid,antacid
antagoni,antagoni
anticipate,förutse
anticipation,förväntan
antidepressant,antidepressiv
anus,anus
anxiety,ångest
anxious,orolig
anxiously,oroligt
anxiousness,oro
any,några
anybod,vem som helst
anyhow,hur som helst
anyone,någon
anything,något
anytime,helst
anywhere,var som helst
aok,aok
apath,apath
apolog,ursäkt
appall,förfära
apparent,självklar
apparently,tydligen
appear,dyka upp
appeared,dök upp
appearing,dyker upp
appears,verkar
appeti,apti
applicant,sökande
applicat,applicer
appreciat,uppskatt
apprehens,uppfatt
apprentic,lärl
approachable,tillgänglig
approaching,närmar sig
approv,godk
approximat,ungefärl
arbitrar,godtyck
arch,båge
argh,argh
argu,argu
arm,beväpna
armies,arméer
armpit,armhåla
arms,vapen
army,armén
arous,upphets
arrogan,arrogan
arse,röv
arsehole,rövhål
arses,rövar
arter,arter
arthr,artr
as,som
asexual,asexuell
asf,som fan
asham,skams
ask,fråga
asked,frågade
asking,frågar
asks,frågar
asleep,sovande
aspirin,aspirin
ass,röv
assass,mörd
assault,överfall
assembl,monter
assertive,bestämd
asses,åsnor
asshole,idiot
assign,tilldela
assistan,assisten
associate,associera
associated,associerad
associates,associerar
associating,associera
association,förening
assum,antag
assur,försäkr
asswipe,toapapper
asthma,astma
ate,åt
atm,bankomat
atms,bankomater
attack,attack
attainable,uppnåelig
attendant,deltagare
attract,locka till sig
attracted,lockade
attracting,locka
attraction,attraktion
attracts,attraherar
attribut,attribut
auction,auktion
audit,granska
audited,granskade
auditing,granskning
auditor,revisor
auditorium,hörsal
auditors,revisorer
audits,granskningar
aunt,moster
authorit,auktori
authorize,godkänna
autops,obdukt
average,genomsnitt
averse,obenägna
aversi,motvilj
avert,avvärja
avoid,undvika
award,tilldela
awesome,grymt bra
awesomer,bättre
awesomest,bäst
awful,förfärlig
awfulest,förfärligare
awkward,pinsam
awkwardness,pinsamhet
babe,brud
babies,spädbarn
baby,bebis
bachelor,ungkarl
bachelor',ungkarl'
bachelorette,singeltjej
bachelors,ungkarlar
bacon,bacon
bad,dålig
badass,tuffing
badly,dåligt
bae,bae
bake,baka
baking,bakning
bald,skallig
balk,balk
bamf,bamf
banana,banan
band,band
bandage,bandage
bandaid,plåster
bands,band
bank,bank
banter,skämt
baptis,dop
baptiz,döp
bar,bar
barely,knappt
bargain,förhandla
bars,barer
based,baserad
bashful,blyg
basis,grund
bastard,bastard
battl,slag
bb,bb
bbq,bbq
bby,bby
bc,f.Kr.
bcc,bcc
bdsm,bdsm
bean,böna
beard,skägg
beat,slå
beaten,slagen
beating,stryk
beats,slår
beau,vack
beautiful,vacker
beautify,försköna
beauty,skönhet
because,eftersom
beef,nötkött
beer,öl
before,innan
beg,be
beggar,tiggare
begged,bad
begging,tiggeri
beginner,nybörjare
begs,tigger
behead,halshugga
belief,tro
bellies,magar
belly,mage
beloved,älskad
below,nedanför
benefic,förde
benefit,fördel
benefits,fördelar
benefitt,fördelar
benevolen,välvilj
benign,godartad
bereave,beröva
best,bäst
bestest,bästaste
bestfriend,bästa vän
bestie,bästis
besties,bästis
bet,vad
bets,vadhållning
better,bättre
betting,vadhållning
beware,akta sig
bf,pojkvän
bf's,pojkväns
bff,bff
bfs,bfs
bi,bi
bi-sexual,bisexuell
biatch,biatch
bible,bibel
biblic,bibliska
bicep,bicep
big,stor
bigger,större
biggest,största
bill,räkningen
billed,fakturerad
billing,fakturering
billion,miljard
bills,räkningar
binge,binge
binging,binging
biolog,biolog
biotch,biotch
bipolar,bipolär
bishop,biskop
bit,bit
bitch,bitch
bitcoin,bitcoin
bits,bitar
bitter,bitter
bitterly,bittert
bitterness,bitterhet
bittersweet,besksöta
biz,biz
bj,bj
blackboard,svarta tavlan
bladder,blåsa
blam,skyll
blatant,uppenbar
bldg,byggnad
bleed,blöda
bless,välsigna
blind,blind
bliss,salighet
blood,blod
bloody,blodig
blowjob,avsugning
blur,suddighet
bodi,kroppa
body,kropp
boi,boi
boil,koka upp
bold,djärv
bolder,djärvare
boldest,djärvaste
boldly,djärvt
bollock,skitsnack
bone,ben
boner,stånd
bones,ben
bonus,bonus
bony,benig
boob,tutte
book,bok
booty,röv
booz,supa
border,gräns
bore,uttråkan
boring,tråkig
borrow,låna
boss,chef
bossed,bossad
bosses,chefer
bossy,bossy
both,båda
bother,störa
bottom,botten
bought,köpte
bowel,tarm
boy,pojke
boy's,pojkens
boyfriend,pojkvän
boyhood,ungdom
boyish,pojkaktig
boys,pojkar
brain,hjärna
brave,modig
braved,mod
braver,modigar
bravery,mod
braves,modias
bravest,modigat
bread,bröd
breakfast,frukost
breakup,uppbrott
breast,bröst
breath,andedräkt
bride,brud
bright,ljus
brighter,ljusare
brightest,ljusast
brilliance,briljans
brilliant,briljant
brilliantly,briljant
bro,bro
bro',bro'
broader,bredare
broadest,bredast
broke,fattig
broker,fattigare
bronchi,bronki
bros,brorsor
brother,bror
brownies,brownies
bruh,bruh
brunch,brunch
brush,borste
brutal,brutal
bs,bs
buck,stålar
bucks,stålar
bud,polar
buddh,buddh
buddies,polare
buddy,polare
budget,budget
bulimi,bulimi
bullies,mobbare
bullshit,bullshit
bully,mobbare
bum,luffare
bumfuck,bumfuck
bums,luffare
bunch,flera
burden,börda
bureau,byrå
burger,burgare
burial,begravning
buried,begravd
burn,brinna
burned,brann
burning,bränna
burnout,utbränd
burns,bränner
burnt,bränd
burp,rap
bury,begrave
busier,mer upptagen
busiest,mest upptagen
business,företag
busy,upptagen
butt,rumpa
butter,smör
buttfuck,analsex
butts,rumpor
buy,köpa
bye,hejdå
cafe,kafé
caffeine,koffein
cake,kaka
calculus,matte
call,ringa
call-girl,eskort
called,ringde
caller,uppringare
callgirl,eskort
calling,ringer
calls,samtal
calm,lugn
calmer,lugnare
calmest,lugnast
calming,lugnande
calmly,lugnt
campaign,kampanj
campus,campus
campus,campus
candie,gottis
candy,godis
captain,kapten
captive,fängslad
cardia,kardio
cardio,konditionsträning
care,vård
cared,brydde
career,karriär
carefree,bekymmerslös
careful,försiktig
careless,vårdslöss
cares,bryr
caress,smeka
caretaker,vårdtagare
caring,omhändertagande
cash,cash
cashed,inkasserad
cashes,inkasserar
cashing,inkasserar
casino,kasino
casket,kista
caste,kast
casual,casual
casually,avslappnat
casualt,olyck
catholic,katolsk
caus,kaus
caution,varning
cautious,försiktig
cbt,kbt
cc,cc
cced,ccat
cease,sluta
celebrat,fir
celebrities,kändisar
celebrity,kändisar
cemet,kyrkog
cent,öre
cents,ören
ceo,vd
cereals,flingor
certain,vissa
certif,certif
cfo,cfo
chairm,ordför
chairperson,ordförande
chairw,ordför
challeng,utman
champ,mästar
chance,möjlighet
change,förändra
changed,förändrad
changes,förändringar
changing,förändring
chap,kap
chapel,kapell
chaplain,pastor
chapter,kapitel
charisma,karisma
charit,välgören
charm,charm
chat,samtal
cheap,billig
cheapen,prissänka
cheaper,billigare
cheapest,billigast
cheat,fuska
checkbook,checkhäfte
checkup,återbesök
cheek,kind
cheer,heja
cheerful,glad
cheers,skåla
cheery,munter
chees,ost
chequ,chec
cherish,vårda
chest,bröst
chew,tugga
chick,brud
chick',brud'
chicks,brudare
chief,chef
child,barn
child',barn'
children,barn
chili,chili
chills,rysningar
chiropract,kiroprakt
chit-chat,småprat
chitchat,småprat
chlamydia,klamydia
chocolat,choklad
chok,chock
cholester,kolester
chore,syssla
chow,käk
christ,krist
christen,kristen
christian,kristen
christmas,jul
chronic,kronisk
chuckl,skrat
chum,kamrat
chums,kamrater
church,kyrka
cigar,cigarr
citizen,medborgare
citizen',medborgare'
citizens,medborgare
class,klass
classes,klasser
classmate,klasskompis
classmates,klasskamrater
classroom,klassrum
cleaner,rengöringsmedel
cleanest,renaste
clear,klar
clearly,klart
clergy,präster
clever,duktig
client,klient
clinic,klinik
clique,klick
clit,klit
clitoris,klitoris
closer,närmare
closest,närmast
clothes,kläder
co-work,co-work
coach,tränare
cock,kuk
cocks,kukar
cocktail,cocktail
codeine,kodein
coffee,kaffe
coffin,kista
coin,mynt
coins,mynt
coke,koks
cola,cola
cold,kall
colder,kallare
coldest,kallaste
coldly,kallt
collaborate,samarbeta
collaboration,samarbete
collaborative,samarbete
collaborator,medarbetare
colleague,kollega
colleg,kolleg
colon,tarm
colono,koloni
coma,koma
comed,komed
comfort,bekvämlighet
comfortable,bekväm
comfortably,bekvämt
comforting,tröstande
comforts,tröstar
coming,kommande
command,kommando
comment,kommentar
commerc,rekl
commit,begå
commitment,åtagande
commits,begår
committed,engagerad
committee,utskott
committing,begå
commun,gemensamt
commute,pendla
commuting,pendling
compadre,compadre
companies,företag
companion,följeslagare
company,företag
compar,jämfö
compassion,medkänsla
compel,tvinga
compensat,kompens
compet,tävl
complain,klaga
complete,komplett
completed,avslutad
completely,fullständigt
completes,färidgställ
compliance,samtyck
compliant,foglig
complied,gick med på
complies,uppfyller
compliment,komplimang
comply,följa
comput,dato
comrad,kamrat
concern,oro
concerned,bekymrad
condemn,fördoma
condom,kondom
condoms,kondomer
conferenc,konferens
confess,bekänna
confidant,förtrogen
confide,anförtro
confided,anförtrodde
confidence,självförtroende
confident,självsäker
confidently,självsäkert
confides,anförtror
confiding,förtroendefull
conform,anpassa
conformity,anpassning
confront,konfrontera
confuse,förvirra
confused,förvirrad
confusedly,förvirrat
confuses,förvirrar
confusing,förvirrande
confusion,förvirring
congest,belast
conglom,konglom
congregat,samlades
congress,kongress
conquer,erövra
conquest,erövring
consequen,följd
considerate,omtänksam
constipat,förstopp
construction,konstruktion
consult,konsult
consumer,konsument
contact,Kontakt
contacted,kontaktade
contacts,kontakter
contag,smitt
contempt,förakt
contented,belåten
contentment,belåtenhet
contingen,kontingent
contradic,motsäg
control,kontrollera
convent,kloster
convents,kloster
convers,konvers
cook,laga
cool,cool
cooler,coolare
coolest,coolast
cooling,kylning
cop,polis
cops,poliser
cornea,hornhinnan
coronar,obdukt
coroner,obducent
corp,org
corporat,organis
corps,lik
corpse,lik
correct,korrekt
cos,kos
cost,kosta
costed,kostade
costing,kostnader
costly,kostsam
costs,kostar
cough,hosta
counc,råd
couns,råd
coup,någr
couple,några
coupon,kupong
courag,mod
course,kurs
courtship,uppvaktning
cousin,kusing
coward,feg
cowboy,cowboy
cowgirl,cowgirl
cowork,kolleg
coz,för att
cramp,kramp
crap,skit
crappy,kass
crazier,galnare
craziest,galnast
crazy,galen
cream,kräm
creamer,gräddkanna
create,skapa
created,skapade
creates,skapar
creating,skapande
creation,skapelse
creations,skapelser
creative,kreativ
creativity,kreativitet
credential,kontakt
credit,kreditera
creepier,läskig
creepiest,läskigast
cremat,förbränn
crew,besättning
cried,grät
cries,gråter
criminal,kriminell
crises,kriser
crisis,kris
critical,kritisk
critici,kritik
crook,skurk
crooks,skurkar
crotch,skrev
crowd,folkmassa
crown,krona
crucif,krusif
crude,ohyfsat
crudely,ohyfsat
cruel,grym
crueler,grymmare
cruelest,grymmast
cruelty,grymhet
crusade,korståg
crushed,krossad
crushing,krossande
cry,gråta
crying,gråtande
crypt,krypta
cubicle,bås
cultur,kultur
cum,sperma
cumming,komma
cums,kommer
cunt,fitta
cupcake,muffin
curb,trottoarkant
currenc,valut
curricul,läropl
curse,förbanna
customer,kund
cut,skära
cute,söt
cuter,sötare
cutest,sötast
cutie,låda
cuz,för att
cv,cv
cynic,cyniker
cyst,cysta
dad,pappa
dad's,pappas
daddies,pappor
daddy,pappa
daddy's,pappas
dads,pappas
damag,skad
dame,dam
dammit,fan
damn,attans
damsel,dam
dance,dans
danced,dansade
dances,danser
dancing,dansar
dang,förbannat
danger,fara
dangerous,farlig
dangerously,farligt
dangers,faror
danker,fuktig
dankest,fuktigast
daring,modig
darker,mörkare
darkest,mörkast
darlin,älsklin
darn,fasiken
date,date
dating,dating
daughter,dotter
dawg,dawg
daze,förvirring
dead,död
deadbeat,odåga
deadline,deadline
deaf,döv
dean,rektor
dear,älskning
dearly,kärt
death,död
debate,debatt
debit,skuld
debt,skuld
decay,förfall
decease,sjukdom
decent,anständig
deceptive,vilseledande
deceiv,svik
decongest,avsväll
deduc,avdra
deeper,djupare
deepest,djupast
defeat,besegra
defect,upptäcka
defenc,försv
defend,försvara
defense,försvara
defenseless,försvarslös
defensive,defensiv
defensively,defensivt
defensiveness,defensivt
defined,definierat
definite,definitivt
definitely,definitivt
definitive,definitivt
degrad,degrad
delectabl,ljuvl
delegate,delegat
delegated,delegerad
delegates,delegater
delegating,delegerar
delegation,delegation
delicate,ömtålig
delicious,utsökt
deligh,härli
demand,efterfrågan
demean,förringa
demise,förfall
demon,demon
demonic,demonisk
demons,demoner
demot,degrad
denial,förnekelse
denied,förnekad
denies,förnekar
dentist,tandläkare
deny,förneka
denying,förnekande
department,avdelning
depend,beror
depended,berodde
dependent,beroende
depending,bero
depends,bero
deposit,deposition
depress,sänka
depriv,beröv
dept,avd
derma,derma
desir,önsk
desk,skrivbord
despair,förtvivlan
desperat,desperat
despis,förakt
dessert,öken
destin,öd
destroy,förstöra
destruct,förstöra
destructed,förstörd
destruction,förstörelse
destructive,destruktiv
destructiveness,destruktivitet
determina,beslutsamh
determined,beslutsam
detox,detox
devastat,föröd
develop,utveckla
devil,jävul
devot,ägna
diabet,diabet
diagnos,diagnos
diarr,diarr
dick,kuk
dickhead,kukhuvud
dickhole,dickhole
dickish,dickish
dicks,kukar
dickwad,kukhuvud
dictate,diktera
dictator,diktator
die,dö
died,dog
dies,dör
diet,diet
difference,skillnad
different,annorlunda
difficult,svår
difficulties,svårigheter
difficulty,svårighet
digest,smälta
dignified,värdig
dignifies,dignifies
dignifying,värdigt
dignitaries,dignitärer
dignitary,dignitär
dignity,värdighet
dildo,dildo
dilf,dilf
dime,slant
dimes,slantar
dinar,målti
dine,äta
dined,åt
diner,matställen
dinero,pengar
diners,matställen
dines,äter
dining,ätande
dinner,middag
diplom,diplom
dipshit,idiot
directly,direkt
director,regissör
dirtier,smutsigare
dirtiest,smutsigast
disadvantag,nackdel
disagree,oense
disappoint,svika
disaster,katastrof
disciple,lärjunge
disclo,avslöj
discomfort,obehag
discount,rabatt
discourag,avskräck
discuss,diskutera
disease,sjukdom
disgrac,skam
disgust,avsky
dish,maträtt
dishearten,modfälla
dishes,maträtter
dishonor,vanära
disillusion,desillusion
dislike,motvilja
disliked,ogillade
dislikes,ogillar
disliking,ogillande
dismay,bestörtning
disorient,förvirra
disreput,vanrykt
diss,diss
dissatisf,missnöj
dissertat,avhandl
dissimil,dissimil
distinct,distinkt
distract,distrahera
distraught,upprörd
distress,ångest
distrust,misstro
disturb,störa
dividend,utdelning
divin,gudomliga
divorc,skilsmässa
dizz,diss
doa,doa
doctor,läkare
dollar,dollar
domina,domine
donate,donera
donated,donerat
donates,donerar
donating,donera
donation,donation
doofus,klant
doom,undergång
dork,nörd
dorm,studenthem
dosage,dosering
dose,dos
dosing,dosering
dotcom,punktcom
doubl,dubbel
doubt,tvivel
douche,svin
down,ner
downsiz,förminska
dozen,dussin
dr,dr
drank,drack
dread,förfär
dried,torkade
drier,tork
driest,torraste
drink,dryck
drool,dregla
dropout,hoppa av
drown,drunkna
drows,drows
drs,drs
drug,läkemedel
drunk,full
drunke,fullas
dry,torr
dryness,torrhet
dtf,dtf
dubious,tvivelaktig
duchess,hertiginna
dude,killen
dues,avgifter
dufus,klant
duke,av
dull,tråkig
dumb,dum
dumbass,dumhuvud
dumber,dummare
dumbest,dummast
dumbfuck,idiot
dummy,pucko
dump,dumpa
dunno,vet inte
duti,plik
duty,plikt
dwell,bo
dying,döende
dyke,flata
e-mail,e-post
e-mailed,mejlade
e-mailing,e-post
e-mails,e-post
each,varje
eager,ivrig
eagerly,ivrigt
eagerness,iver
ear,öra
earlier,tidigare
earliest,tidigast
earn,tjäna
earned,tjänade
earning,tjäna
earnings,förtjänst
earns,tjänar
ears,öron
ease,lätthet
easier,lättare
easiest,enklaste
easily,lätt
easiness,lätthet
easing,lindrande
easy,lätt
eat,äta
eaten,åt
eating,äter
eats,eats
econ,ekon
ecsta,ecsta
edit,redigera
education,utbildning
educational,pedagogisk
effect,effekt
effin,effin
effin',effin
effing,effing
effort,ansträngning
efl,efl
egg,ägg
ego,ego
egotis,egotis
eight,åtta
either,antingen
elbow,armbåge
elegan,elegan
elementary,elementärt
eleven,elva
elicit,framkalla
elit,elit
email,e-post
emailed,mailade
emailing,e-post
emails,e-postmeddelanden
embalm,balsamera
embarrass,besvära
embezzl,försking
emotion,känsla
emotional,känslig
emotions,känslor
emphysem,emfysem
employ,använda
employed,sysselsatt
employee,anställd
employer,arbetsgivare
employment,sysselsättning
emptier,emptier
emptiest,tommaste
emptiness,tomhet
empty,tömma
enabl,bidr
enact,uppföra
encourag,uppmuntr
enema,lavemang
enemie,fiende
enemy,fiende
energ,energ
engag,engag
enjoy,njut 
enorm,enorm
enrag,förarg
enslav,förslav
entertain,underhålla
enthus,entus
entire,hel
entrepreneur,entreprenör
envie,avundsj
envious,avundsjuk
envy,avundas
epidemic,epidemi
episcopal,epidemi
equal,likvärdig
equities,rättvisor
equity,rättvisa
equival,ekvivalent
erectile,erektil
erection,erektion
erotic,erotisk
errand,ärende
escap,fly
esl,esl
especially,framförallt
espresso,espresso
essential,grundläggande
estrogen,östrogen
euro,euro
euros,euro
evad,undg
evangel,evangel
eventual,eventuel
eventually,så småningom
ever,någonsing
every,varje
everybod,alla
everyday,dagligen
everyone,alla
everything,allt
everytime,varje gång
everywhere,överallt
evident,bevisligen
evil,ondska
ex,ex
ex-bf,ex-pv
ex-boyfriend,ex-pojkvän
ex-gf,ex-fv
ex-girlfriend,ex-flickvän
exact,exakt
exam,prov
exams,prov
exbf,expv
exboy,ex
excel,excel
excelled,utmärkte
excellence,förträfflighet
excellent,förträfflig
excellently,utmärkt
excelling,framträdande
excels,utmärker
exchang,utbyt
excite,upphets
excited,upphetsad
excitedly,uppfhetsande
excitement,upphetsning
exciting,spännande
excruciat,olidl
excus,ursäk
exec,avrätt
execution,avrättning
executive,värkställande
exercis,tränin
exes,ex
exgf,ex fv
exgirl,ex tjej
exhaust,uttömma
exhusb,exman
expect,förvänta
expense,utgift
expenses,utgifter
expensive,dyr
experiment,experimentera
expert,expert
explain,förklara
explained,förklarade
explaining,förklaring
explains,förklarar
explicit,explicit
exploit,utnyttja
express,uttrycka
exterminat,utrot
extra,extra
extremely,ytterst
exwife,exfru
exwive,ex fru
eye,öga
fab,fant
fabulous,fantastisk
fabulously,fantastiskt
fabulousness,fantastiskhet
face,ansikte
facebook,facebook
faces,ansikten
facial,ansiktsbehandling
fact,fakta
factor,faktor
factories,fabriker
factory,fabrik
facts,fakta
factual,faktamässig
facult,fakult
fag,bög
faggot,bög
faggy,bög
fail,misslyckande
faint,svag
fair,rättvis
fairer,mer rättvis
fairest,mest rättvis
fairly,ganska
faith,tro
fake,fake
fam,fam
fame,kändisskap
families,familjer
family,familj
famous,känd
famously,känt
fantasi,fantasi
fantastic,fantastisk
fantastical,fantastisk
fantastically,fantastisk
fantasy,fantasi
farewell,farväl
farsighted,långsynt
farther,längre
farthest,längst
faster,snabbare
fastest,snabbast
fat,tjock
fatal,dödlig
fate,öde
fated,ödesbestämd
fates,öden
father,far
fatigu,trötth
fats,fetter
fatted,gödd
fatten,göda
fatter,tjockare
fattest,tjockast
fattier,fetare
fatties,fetton
fattiest,fetaste
fatty,fetto
fault,fel
fav,fav
fave,favo
favor,favor
favoring,favoriserande
favorite,favorit
favors,tjänster
favour,favor
fax,fax
fb,fb
fear,rädsla
feared,fruktade
fearful,rädd
fearing,rädd
fearless,orädd
fears,rädslor
feasible,möjlig
fed,matade
fee,avgift
feed,feed
feedback,feedback
feeder,matare
feeding,matande
feeds,feeds
feel,känna
feelin,känn
feeling,känsla
feelings,känslor
feels,känns
fees,avgifter
feet,fötter
fella,polare
fellow,gemensam
fellow's,gemensam
fellows,polare
fellowship,gemenskap
felt,kände
female,kvinna
females,kvinnor
feminine,feminin
femininity,femininitet
femme,femme
feroc,våldsa
festiv,festli
fetish,fetish
feud,fejd
fever,feber
few,få
fewer,färre
fewest,minst
fiance,fästmö
fiance's,fästmös
fiancee,fästman
fiances,fästmans
fiery,eldig
fiesta,fiesta
fift,femt
fight,bråk
finaliz,avslut
finals,avslut
financ,finans
fine,fin
finer,finare
finest,finast
finger,finger
finna,finna
fire,eld
fired,sparkad
firing,sparkar
first,första
first-class,första klass
firstly,för det första
firsts,första
fitness,fitness
five,fem
fixin,fixar
fixin',fixar
flatter,smicker
flawless,felfri
fled,flydde
flee,fly
fleeing,flyende
flees,flyr
flesh,kött
flexib,flexib
flirt,flört
flirtatious,flörtig
flirted,flörtade
flirting,flörtande
flirts,flörtar
flirty,flörtigt
flu,influensa
flunk,tur
fml,fml
foe,fiende
folks,folk
follower,följare
fond,öm
fondly,ömt
fondness,ömhet
food,mat
fool,lura
fooled,lurade
fooling,lura
foolish,dåraktig
foolishly,dåraktigt
fools,dårar
foot,fot
forbade,förbjöd
forbid,förbjuda
forbidden,förbjuden
forbidding,förbjudande
forbids,förbjuder
forbod,förbud
force,tvinga
forearm,underarm
forehead,panna
foreplay,förspel
foresee,förutse
foreshadow,förebåda
foresight,förutseende
forever,för alltid
forgave,förlät
forgiv,förlåt
formal,formell
former,tidigare
formerly,förr
forseeable,förutsebar
forthcoming,kommande
fortunately,Lyckligtvis
fortune,förmögenhet
forwarded,vidarebefordras
fought,kämpade
foundation,grund
founded,grundad
four,fyra
fragil,skör
frail,skör
franc,franc
franchis,franchis
francs,francs
frankly,uppriktigt
frantic,utom sig
frat,frat
freak,freak
free,fri
free-think,fritt tänkande
freed,befriade
freeing,befriande
freely,frivilligt
frees,befriar
freethink,fritänkande
freez,frys
frenem,frenem
fresher,fräschare
freshest,fräschast
freshm,förstaårss
friend,vän
friendlier,vänligare
friendliest,vänligaste
friendly,vänlig
friends,vänner
fries,pommes
friggin,jäkla
friggin',jäkla
frigging,jävla
fright,skrämsel
froze,frös
fruit,frukt
frustrat,frustrer
fry,fritera
fu,fu
fuck,knulla
fuckboy,fuckboy
fucked,körd
fucker,fucker
fuckface,fuckface
fuckh,fuckh
fuckin,fuckin
fucks,fucks
fucktard,fucktard
fucktoy,fucktoy
fucktwat,fucktwat
fuckwad,fuckwad
fuller,fylligare
fullest,fullaste
fume,rök
fuming,rykande
fun,roligt
fund,finansiera
fundamental,grundläggande
fundamentalis,fundamentalister
fundamentally,fundamentalt
fundamentals,fundamenta
funded,finansierade
funding,finansiering
funds,medel
funer,begravn
funner,roligare
funnest,roligast
funnier,roligare
funnies,roligas
funniest,mest rolig
funnily,roligast
funniness,rolighet
funny,rolig
furious,rasande
further,ytterligare
furthest,längst
fury,raseri
futur,framti
fuzz,ludd
fwb,fwb
gal,tjej
gals,tjejer
gambl,Spel
game,spel
gang,gäng
gangs,gäng
gather,samla
gave,gav
gay,gay
gayer,mer gay
gayest,mest gay
gays,gays
gbp,pund
geek,nörd
generally,generellt sett
generate,generera
generating,genererande
generator,generator
genero,genero
genital,genital
genocid,folkmord
gent,försikt
gentile,snäll
gentle,mild
gentlem,gentlem
gentler,mjukare
gentlest,mild
gentlewom,dam
gently,försiktigt
gents,herrar
gf,gf
ghost,spöke
giggl,fniss
gigolo,Gigolo
girl,flicka
girl's,flickas
girlfriend,flickvän
girlh,flick
girli,flick
girls,flickor
girly,flickaktigt
give,ge
giver,givare
gives,ger
giving,ger
glad,glad
gladly,gladeligen
glamor,glamour
glamour,glamour
gland,körtel
glaucoma,glaukom
gloom,dyster
gloomier,dystrare
gloomiest,dystraste
gloomily,dystert
gloominess,dysterhet
gloomy,dyster
glori,ärof
glory,ära
glutton,frossare
gmat,gmat
goal,mål
gobble,sluka
gobbling,slukande
god,Gud
god's,Guds
goddam,helvet
goddess,gudinna
godfather,gudfader
godmother,gudmor
godparent,gudförälder
going,ska
gon,gon
gonna,ska
gonorrhea,gonnorre
good,Bra
good-for-nothing,värdelös
goodbye,hejdå
goodness,godhet
goosebump,gåshud
gorgeous,underbar
gorgeously,underbart
gorgeousness,underbarhet
gospel,gospel
gossip,skvaller
gotta,måste
gov,reger
govern,regeringen
gpa,betyg
grab,ta
grace,nåd
graced,hedrad
graceful,graciös
graces,nåd
graci,nådi
grad,bety
grade,betyg
grading,gradering
graduat,examen
gramp,farf
grand,storhet
grandchil,barnbar
granddad,farfar
granddau,barnbar
grande,stor
grandfath,farfar
grandkid,barnbarn
grandm,farm
grandpa,morf
grandson,barnbarn
granny,mormor
grasp,grepp
gratef,tacksa
grati,tacksamh
grave,grav
gre,toppe
great,toppen
greater,bättre
greatest,bäst
greatness,storhet
greed,girighet
greet,häls
grief,sorg
griev,sörj
grim,dyster
grimac,grima
grimly,grymt
grin,flin
grinn,flina
grins,flin
grip,grepp
gripp,grepp
grips,grepp
grl,tjej
grocer,handlare
groom',brudgum
gross,äckligt
grossed,äcklad
grosser,äckligare
grossest,äckligast
grossing,uppräkning
grossly,grovt
grossness,äcklighet
grouch,surpuppa
group,grupp
grown-up,vuxna
grownup,vuxen
grr,grr
grudg,agg
guarant,guarant
guard,vakt
guess,gissa
guessed,gissade
guesses,gissningar
guessing,gissande
guest,gäst
guilt,skuld
guilt-trip,skuldkänslor
guiltier,skyldigare
guiltiest,skyldigast
guilty,skyldig
gulp,klunk
gums,tandkött
gunna,ska
gurl,chey
gut,mage
guts,tarmar
guy,kille
gynecolog,gynekolog
gyno,gyn
ha,ha
hah,hah
haha,haha
haircut,frisyr
hairless,hårlös
hairs,hårstrån
hairy,hårig
half,halv
half-ass,halvdant
halfass,halvdant
hallucinat,halluciner
hamstring,lårmuskel
hand,hand
handful,handfull
hands,händer
handshake,handslag
handsome,stilig
handsomely,stiligt
handsomest,stiligast
hanged,hängde
hangout,hangout
hangover,bakfylla
happier,gladare
happiest,gladast
happily,gladeligen
happiness,lycka
happy,glad
harass,trakassera
hard,hård
hard-on,stånd
harden,hårdna
harder,hårdare
hardest,hårdast
hardly,knappt
hardwork,hårt arbete
harm,skada
harmed,skadad
harmful,skadlig
harmfully,skadligt
harmfulness,skadlighet
harming,skadar
harmless,ofarlig
harmon,harmon
harms,skadar
harsh,sträng
hashanah,hashanah
hate,hat
hated,hatad
hateful,hatfull
hater,hatare
hates,hatar
hating,hatande
hatred,hat
haunted,plågad
hazard,fara
hazy,dimmig
he,han
he'd,han hade
he'll,han kommer
he's,han är
he-,han-
head,huvud
headache,huvudvärk
headhunter,headhunter
headin,beger
heads,huvuden
heal,läka
healed,läkt
healer,healer
healing,läkning
heals,läker
health,hälsa
healthful,hälsosam
healthier,hälsosammare
healthiest,hälsosammast
healthily,hälsosamt
healthy,hälsosam
hear,höra
heard,hörde
hearing,hörsel
hears,hör
hearse,likvagn
heart,hjärta
heartbreak,hjärtesorg
heartbroke,hjärtesorg
heartburn,halsbränna
heartfelt,innerligt
heartless,hjärtlös
hearts,hjärtan
heartwarm,hjärtvärmande
heaven,himmelen
heavie,tyngs
heavy,tung
heck,tusan
heel,häl
heh,heh
hell,helvete
hella,helvete
hellish,helveteslik
hello,hej
hells,heleveten
help,hjälp
helper,hjälpare
helpful,hjälpsam
helpfully,hjälpsamt
helpfulness,hjälpsamhet
helping,hjälper
helpings,hjälpande
helpless,hjälplös
helps,hjälper
hemor,förblö
hence,därför
henceforth,fortsättningsvis
her,hon
hero,hjälte
hero's,hjältes
heroes,hjältar
heroic,heroisk
heroine,hjältinna
heroism,hjältemod
herpes,herpes
hers,hennes
herself,hon själv
hes,han är
hesita,tvek
heterosexual,heterosexuell
hey,hey
hi,hej
hiccup,hicka
hid,gömde
hide,gömma
hides,gömmer
hiding,gömmande
hierarch,hierark
high,hög
high-ranking,högt rankad
higher,högre
highest,högst
highness,höghet
highschool,gymnasi
hilarious,rolig
him,honom
himself,honom själv
hinder,hinder
hindu,hindu
hip,höft
hips,höfter
hipster,hipster
hire,anställa
hired,anställd
hires,anställer
hiring,anställa
his,hans
hissel,honom själ
hiv,hiv
hobo,uteliggare
hoe,hora
hoebag,hora
hoes,horor
hoho,hoho
holier,heligare
holiest,heligast
holocaust,förintelse
holy,helig
homeless,hemlös
homesick,hemlängtan
homework,läxor
homie,polare
homo,homo
homocid,homocid
homos,homos
homosexual,homosexuell
honest,ärlig
honestly,ärligt
honesty,ärlighet
honey,honung
honeymoon,smekmånad
honor,hedra
honour,hedra
hooker,hora
hooray,hurra
hope,hoppas
hoped,hoppats
hopeful,hoppfull
hopefully,förhoppningsvis
hopeless,hopplös
hopes,förhoppningar
hoping,hoppas
hormone,hormon
hornie,kåt
horny,kåt
horrible,fruktansvärd
horribly,fruktansvärt
horrid,otäck
horror,skräck
horseshit,hästskit
hospital,sjukhus
hostil,fientlig
hot,varm
hotter,varmare
hottest,varmast
hottie,heting
househusband,hemmaman
housewi,hemmafru
housework,hushållsarbete
how,hur
how'd,hur gick
how're,hur är
how's,hur är
howd,hur gick
howre,hur är
hows,hur är
hr,hur är
hubby,make
hug,kram
huge,enorm
huger,större
hugest,störst
hugg,kram
hugs,kramar
human,mänsklig
humble,ödmjuk
humbler,humbler
humblest,humblest
humiliat,förödmjuk
humor,humor
humour,humor
hump,puckel
hundred,hundra
hunger,hunger
hungover,bakfull
hungrier,hungrigare
hungriest,hungrigast
hungrily,hungrigt
hungry,hungrig
hurra,hurra
hurt,ont
husband,make
hymn,psalm
hyperten,hyperten
hypotherm,hypoterm
hypothes,hypotetiserad
hypothetic,hypotetisk
i'll,jag ska
i'mma,jag kommer
ibuprofen,ibuprofen
icu,iva
ideal,idealisk
identical,identisk
idgaf,idgaf
idiot,idiot
if,om
ignit,tända
ignorable,ignorerbar
ignoramus,dumhuvud
ignorant,okunnig
ignore,ignorera
ignored,ignoreras
ignores,ignorerar
ignoring,ignorerar
ill,sjuk
illness,sjukdom
ily,ily
ima,jag ska
imam,imam
imma,jag ska
imminent,nära förestående
immoral,omoralisk
immortal,odödlig
immun,immun
impatien,otålig
impending,hotande
impersonal,opersonlig
implica,implika
implicit,implicit
implie,underförst
imply,antyda
impolite,oartig
importance,betydelse
important,Viktig
importantly,viktigt
impress,imponera
improve,förbättra
improving,förbättring
in-law,svärföräld
inadequa,otillräck
inc,inc
incapab,Inkapab
incentive,incitament
incest,incest
income,inkomst
incompeten,incompeten
incomplet,ofullständig
incorp,incorp
indecis,tveksam
indeed,verkligen
indefinit,undefined
independ,fristående
indigestion,matsmältningsbesvär
indirect,indirekt
individual,enskild
induc,indu
industr,industr
ineffect,inkapab
inequal,ojämställd
inevitab,oundvik
inexpensive,billig
infallib,ofelb
infamous,ökänd
infant,spädbarn
infant's,spädbarnets
infants,spädbarn
infect,infektera
infer,antyda
inferen,antyd
inferior,underlägsen
inferiority,underlägsenhet
inferiors,underlägsna
inferr,antyda
infers,dragit slutsatsen
infertil,infertil
infinit,oändligh
inflam,inflam
influenc,inflyt
influential,inflytelserik
inform,underrätta
informed,informerad
informing,informerar
informs,informerar
ingest,inta
inhal,inhal
inherit,ärva
inhibit,inneha
initiat,initier
injur,skad
inlaw,svärföräld
innocen,oskyldig
inquir,förfråg
insecur,osäk
insignificant,obetydlig
insincer,falsk
insomnia,sömnlöshet
inspector,inspektör
inspir,inspir
instagram,instagram
institut,institut
instruct,instruera
insulin,insulin
insult,förolämpning
insurance,försäkring
intellect,intellekt
intelligence,intelligens
intelligent,intelligent
intend,avse
intent,avsikt
interact,interagera
interest,intresse
interested,intresserad
interesting,intressant
interests,intressen
intern,intern
interpersonal,interpersonlig
interrup,avbryta
interview,intervju
intestin,tarmen
intimidat,skräm
intox,berus
invade,invadera
invader,inkräktare
invades,invaderar
invading,invaderande
invariab,oföränder
invasion,invasion
inventory,lager
invest,invest
invigor,uppfrisk
involv,involv
irrational,irrationell
irrefu,obestrid
irrita,irrita
irs,irs
islam,islam
isolat,isoler
it'll,det kommer
itch,kli
itll,det kommer
iv,jag har
jackass,åsna
jackpot,jackpott
jaded,utsliten
jaw,käke
jd,jd
jealous,svartsjuk
jealousies,svartsjukor
jealously,svartsjukt
jealousy,svartsjuka
jeez,jeez
jerk,idiot
jerked,ryckt
jerks,idioter
jesuit,jesuit
jesus,Jesus
jew,jude
jewish,judisk
jews,judar
jihad,jihad
jism,sperma
jissom,sperma
jizz,sperma
job,jobb
joints,skarvar
joke,skämt
joking,skämta
jolly,glad
joy,glädje
juda,juda
judge,bedöma
judged,dömd
judgement,dom
judges,domare
judging,bedömning
juice,juice
junior,junior
justice,rättvisa
justif,rättfär
karma,karma
keen,angelägen
kegger,ölkagge
keyboard,keyboard
kid,barn
kid',barn
kidding,skojar
kidney,njure
kids,barn
kik,kik
kill,döda
kin,släkt
kind of,typ
kind,sort
kinda,typ
kinderg,förskol
kindly,vänligen
kindn,vänl
kindof,typ
king,kung
king's,kungs
kingl,kungligh
kingpin,kingpin
kings,kungar
kippur,kippur
kiss,kyss
kitchen,kök
knee,knä
knight,riddare
knuckle,knoge
kopek,kopek
koran,koran
kosher,kosher
krishna,krishna
krisna,krisna
kron,kron
labor,arbeter
labour,labour
lack,brist
lacked,brast
lackey,lakej
lacking,avsaknande
lacks,saknar
lad,grabb
ladies,damer
lady,dam
lady's,dams
laidback,avslappnad
lame,haltande
lamely,haltande
lameness,lamhet
lamer,lamare
lamest,lamast
landlord,hyresvärd
language,språk
laptop,laptop
large,stor
larger,större
largest,störst
lass,jänta
lassie,jänta
later,senare
latest,senast
laugh,skratt
launch,lansering
law,lag
layoff,avsked
lazier,latare
laziest,latast
lazy,lat
lead,leda
leader,ledare
leading,leder
leads,ledtrådar
learn,lära
learned,lärde
learner,nybörjare
learners,elever
learning,lärdomar
learns,lär sig
learnt,lärde
lease,hyresavtal
leasing,hyra
least,minst
leather,läder
lectur,föreläsn
led,ledd
leg,ben
legal,laglig
legales,legalis
legalis,legalis
legalit,legalis
legaliz,legalis
legally,legalt
legals,legala
legit,legit
legs,ben
lend,låna
lender,långivare
lending,utlåning
lends,lånar
lesbian,lesbisk
less,mindre
lesson,lärdom
let's,låt oss
lethal,dödlig
lets,låt oss
letter,brev
leuke,leuke
liabilit,ansv
liar,lögnare
libert,frihe
libid,libid
librar,bibli
lied,ljög
lies,lögner
life,liv
lighter,ljusare
lightest,ljusast
to like,att gilla
(i) like,(jag) gillar
(you) like,(du) gillar
(we) like,(vi) gillar
(they) like,(de) gillar
(do) like,gillar
(don't) like,ogillar
(did) like,gillade
(didn't) like,ogillade
(will) like,(kommer) gilla
(won't) like,(kommer inte) gilla
(does) like,gillar
(doesn't) like,gillar inte
(did not) like,gillar inte
(will not) like,(kommer inte) gilla
(do not) like,gillar inte
(does not) like,gillar inte
(would not) like,kommer inte gilla
(should not) like,bör inte gilla
(could not) like,kunde inte gilla
(53) like,som
like,tycka om
likeab,sympat
liked,gillade
likel,troligtv
likes,gillar
liking,böjelse
lil,lit
lil',lit
limp,halta
lip,läpp
lips,läppar
liquor,sprit
lira,lira
listen,lyssna
listened,lyssnade
listener,lyssnare
listening,lyssna
listens,lyssnar
littler,mindre
littlest,minst
live,leva
lived,levde
livel,livli
liver,lever
lives,liv
living,levande
lmao,lmao
lmfao,lmfao
loan,lån
locals,lokalbefolkningen
lol,lol
lone,själv
lonelier,ensammare
loneliest,ensammast
loneliness,ensamhet
lonely,ensam
loner,enstöring
longer,längre
longest,längsta
longing,längtan
looming,hägrande
loose,lös
loosed,löst
loosely,löst
loosen,lossa
looser,lösare
looses,förlorar
loosest,lösast
lord,herre
lose,tappa bort
loser,förlorare
loses,förlorar
losing,förlorande
loss,förlust
lost,förlorat
lot,massa
lotof,massa
lots,massor
lotsa,massor
lotta,massor
lotter,mer
louder,högre
loudest,mest högljudda
lous,värdel
love,kärlek
loved,älskade
loveless,kärlekslös
lovelier,härligare
loveliest,härligast
lovely,härlig
lover,älskare
loves,älskar
loving,kärleksfull
low,låg
lower,lägre
lowered,sänkt
lowering,sänkning
lowers,sänker
lowest,lägst
lowli,blygs
lowly,blygsam
loyal,lojal
loyalt,lojalit
lozenge,tablett
lsat,lsat
ltd,ltd
luck,tur
lucked,haft tur
luckier,tursam
luckiest,tursammast
luckily,lyckligtvis
luckless,oturlig
lucky,tursam
ludicrous,löjlig
lump,klump
lunch,lunch
lung,lunga
lungs,lungor
lust,lust
lutheran,lutersk
luv,kärlek
lying,ljuga
lymph,lymfa
lynch,lyncha
ma,frun
ma'am,frun
ma's,mammas
maam,maam
mad,galen
madam,frun
madame,frun
maddening,sinnesrubbande
madder,galnare
maddest,galnast
made,gjord
mademoiselle,fröken
magnific,magnifik
maid,hembiträde
maid's,hembiträdets
maiden,jungfru
maids,pigor
mail,post
mailed,postat
mailing,utskick
mailroom,postrum
mails,postar
mainly,huvudsakligen
majoring,huvudämne
majority,majoritet
majors,huvudämnen
make,göra
makeout,hångel
maker,tillverkare
makes,gör
making,framställning
male,manlig
male's,män
males,män
mam,mam
mama,mamma
mammogram,mammografi
man,man
man's,men
manage,hantera
manageabl,hanterb
managed,förvaltade
management,förvaltning
manager,chef
manages,hanterar
managing,hantera
maniac,galning
manic-dep,mano-dep
manicdep,manodep
manipulat,manipulat
manly,manlig
manners,uppförande
manslaughter,dråp
manufact,tillverknings
many,många
margarita,margarita
marginal,marginell
market,marknad
marriag,äktensk
marrie,gif
marry,gifta sig
martini,martini
masculine,maskulin
masculinity,manlighet
masochis,masochis
massacre,massaker
massive,massiv
master,bemästra
mastercard,mastercard
mastered,behärskar
masterful,mästerlig
mastering,bemästr
mastermind,mastermind
masters,masters
mastery,herravälde
masturb,masturb
mate,para
mate's,parar
mated,parade
maternal,moderlig
maternity,moderskap
mates,parar
math,matematik
mating,parning
matriarch,matriark
mature,mogna
mausoleum,mausoleum
may,Maj
maybe,kanske
mcat,mcat
meal,måltid
meaner,elakare
meanest,elakast
meat,kött
mecca,mecka
medic,sjukvårdare
meditat,mediter
meek,ödmjuk
meet,träffa
meeting,möte
meets,möter
melanchol,melankol
member,medlem
memo,PM
memoria,minne
memos,PM
men,män
men',män
menial,simpel
mennonit,mennonit
mens,mäns
mention,nämna
mentor,mentor
merchant,handlare
mercif,barmhärtigh
mercy,barmhärtighet
merger,fusion
merit,merit
merr,munt
mess,röra
message,meddelande
messaged,meddelade
messages,meddelanden
messaging,meddelandehantering
messier,rörigare
messiest,rörigast
messy,rörig
met,träffade
methodis,metodis
mf,skitstövel
mf',skitstövel
mfg,mfg
mfs,mfs
mgmt,mgmt
mgr,mgr
middle,mitten
midterm,halvtids
might,kanske
might've,kanske har
mightve,kanske har
mighty,mäktig
migrain,migrän
milder,mildare
mildest,mildast
milf,milf
militant,militant
military,militär
milk,mjölk
million,miljon
mimi,mimi
mimi',mimi
mimis,mimis
minion,minion
minister,minister
ministr,ministr
minor,minderårig
miscar,missf
miser,elän
misle,vilseled
miss,fröken
missed,missade
misses,missar
missing,saknas
missionar,missionä
missus,frugan
mistak,missta
mister,herr
mistres,älskarin
mitzvah,mitzvah
mo,mo
mo',mo
mock,håna
mocked,hånad
mocker,hånare
mocking,håna
mocks,hånar
mofo,mofo
mohamm,mohamm
moist,fuktig
molest,antasta
mom,mamma
mom's,mammas
momma,morsa
mommy,mamma
moms,mammas
monarch,monark
monast,kloste
money,pengar
monk,munk
mono,mono
monopol,monopol
monsieur,herre
mooch,tigga
mood,humör
moodi,lynni
moods,humör
moody,lynnig
moral,moralisk
morality,moral
morals,moral
more,Mer
morgue,bårhus
mormon,mormon
moron,dumhuvud
mortal,dödlig
mortg,lå
mortician,begravningsentreprenör
mosque,moské
most,mest
mostly,mestadels
mother,moder
mother's,moders
mothered,mödrad
motherfucke,motherfucke
motherfuckin,jävla
motherhood,moderskap
mothering,mödrande
motherl,moderl
mothers,mödrar
motiv,motiv
mourn,sörj
mouth,mun
mr,herr
mri,mri
mrs,fru
ms,fröken
much,mycket
mucho,mycket
mucous,mycket
muhamm,muhamm
mujahid,mujahid
multiple,flera
mum,mamma
mum's,mammas
mummy,mamma
mums,mammor
murder,mord
muscle,muskel
muscular,muskulös
musl,musl
must,måste
must'nt,bör ej
must've,måste ha
mustn't,bör ej
mustnt,bör ej
mustve,måste ha
mutin,mutin
mvp,mvp
myopi,myopi
myster,myster
n00b,n00b
nada,nada
nag,tjata
naked,naken
name,namn
namely,nämligen
names,namn
nana,mormor
nana's,mormors
nanas,mormödrar
nann,mormor
narrower,smalare
narrowest,smalast
nasal,nasal
nast,nast
nause,illamå
nearer,närmare
nearest,närmast
nearly,nästan
nearsighted,närsynt
neat,prydlig
neater,prydligare
neatest,prydligast
neatly,prydligt
neatness,prydlighet
necessari,nödvänd
necessary,nödvändigt
neck,nacke
needy,behövande
neglect,försummelse
negotiat,förhandl
neighbor,granne
neighbour,granne
neither,varken eller
nephew,brorson
nerd,nörd
nerve,nerv
nervous,nervös
nervously,nervöst
nervousness,nervöshet
neural,neural
neurolog,neurolog
neuron,neuron
neurotic,neurotisk
never,aldrig
newbie,nykomling
newborn,nyfödd
newcomer,nykomling
newer,nyare
newest,nyast
ngo,ngo
nice,nice
nicely,trevligt
niceness,trevlighet
nicer,trevligare
nicest,trevligast
niceties,trevligheter
nicety,trevlighet
nickel,nickel
niece,brorsdotter
nigga,nigga
nigger,nigger
nightmar,mardr
nine,nio
nipple,bröstvårta
noisier,bullrigare
noisiest,bullrigast
nominat,nominer
none,ingen
nonprofit,nonprofit
noob,noob
noodle,nudel
nose,näsa
nostril,näsborre
nothing,ingenting
novice,nybörjare
nowhere,ingenstans
nsfw,nsfw
nude,naken
nudi,nakenh
numbed,bedövad
numbing,bedövande
numbness,domningar
numbs,bedövar
nun,nunna
nun's,nunnas
nuns,nunnor
nurse,sjuksköterska
nurtur,vårda
nutrition,näring
obedience,lydnad
obedient,lydig
obediently,lydigt
obese,fet
obesity,fetma
obey,lyda
obeyed,löd
obeying,lyder
obeys,lyder
obit,obit
obnoxious,motbjudande
obscur,obsky
obsess,överdriv
obtainable,erhållbar
obvious,uppenbar
obviously,uppenbarligen
occasional,tillfällig
occupa,yrk
ocd,ocd
od,konsti
odder,konstigare
oddest,konstigast
oded,oded
offence,brott
offend,förolämpa
offense,brott
offenses,brott
offensive,offensiv
offer,erbjudande
office,kontor
officehold,kontorsh
officer,polis
offices,kontor
official,officiell
often,ofta
ok,ok
okay,okej
okayed,okejat
okays,okejar
okey,okej
oks,okej
older,äldre
oldest,äldst
omfg,omfg
once,en gång
oncoming,kommande
one,en
onward,framåt
oomf,oomf
open-minded,öppensinnad
openminded,öppensinnad
openness,öppenhet
operat,drivs
opinion,åsikt
opportun,möjligh
oppose,motsätta
oppositi,motstån
optimal,optimal
optimism,optimism
optimistic,optimistisk
option,alternativ
optometr,optometr
or,eller
order,beställa
orders,beställning
org,org
organization,organisation
organize,organisera
organized,organiserad
organizer,organisatör
organizes,organiserar
organizing,organisering
orgasm,orgasm
orgi,orgi
orgy,orgi
origin,ursprung
original,original
originat,origina
origins,ursprung
orthodon,ortodon
orthodox,ortodox
orthoped,ortoped
our,vår
ours,vår
ourselves,oss själva
outcast,utstött
outcome,utfall
outgoing,utgående
outlin,översikt
outrag,upprördh
outrank,överträffa
outsider,outsider
outsourc,outsourca
ovar,over
over,över
overall,övergripande
overate,overate
overdosed,överdoserad
overeat,överäta
overhear,överhöra
overpaid,överbetald
overpower,överbemanna
overrul,upphäva
overtime,över tid
overweight,övervikt
overwhelm,överväldiga
overworked,överarbetad
owe,vara skyldig till
owed,skyldig
owes,skyldig
owing,ha skuld
owner,ägare
pa,pappa
pa's,pappas
pagan,hednisk
paid,betald
pain,smärta
pained,plågad
painf,plågs
painl,smärtfr
pains,möda
pal,kompis
pal's,kompis
palatabl,tolererb
pallbearer,kistbärare
palm,handflata
palms,handflator
pals,polare
pancake,pannkaka
panic,panik
pap,pap
papa,pappa
papa's,pappas
papal,påvlig
papas,pappor
paper,paper
pappy,pappa
pappy's,pappas
paradise,paradis
paraly,paraly
paranoi,paranoi
parent,förälder
pariah,paria
parliament,parlament
part,del
participant,deltagare
participat,deltog
particular,särskild
particularly,särskilt
partie,del
partly,delvis
partner,partner
party,fest
passion,passion
passiv,passiv
passover,påsk
pasta,pasta
pastor,pastor
paternal,faderlig
paternity,faderskap
pathetic,patetisk
pathetically,patetiskt
patholog,patologi
patriarch,patriark
pay,betala
pc,pc
peace,fred
peaceful,fredlig
peacefully,lugnt
peacekeep,fredsbevar
peacemak,fredsskap
peasant,bonde
peculiar,egendomlig
pediatr,barnläk
pee,kiss
peeps,kiss
pelvi,bäcke
pen,penna
penance,bot
pence,öre
pencil,penna
penis,penis
pennies,ören
penny,öre
pens,pennor
pension,pension
pentecost,pingst
peon,daglönare
people,människor
pepsi,pepsi
percent,procent
perfect,perfekt
perfected,perfekt
perfecting,fullända
perfection,perfektion
perfectly,perfekt
perfects,perfekt
perform,prestera
perhaps,kanske
permiss,Tillåten
permit,tillåta
person,person
person's,persons
personal,personlig
persons,personer
perspir,perspir
persua,övertal
perv,perv
perver,perver
pervy,prevo
peso,peso
pesos,pesos
pessimis,pessimis
pest,skadedjur
petrif,petrif
pettier,snyggare
pettiest,snyggast
petty,småaktig
pew,kyrkbänk
pews,kyrkbänkar
pharmac,apotek
phd,fil.dr
phobi,fobi
phone,telefon
phoning,ringa
phony,falsk
photocop,fotokop
physical,fysisk
physicality,fysikalitet
physically,fysiskt
physicals,fysik
physician,läkare
physics,fysik
pick,plocka
picked,plockade
picking,plocka
picks,plockar
pie,paj
piece,bit
pieces,bitar
pies,pajer
piet,piet
pilgrim,pilgrim
pill,piller
pills,piller
pilot,pilot
pimple,finne
pimply,finnig
pious,from
piss,piss
pitiable,ynklig
pitied,beklagade
pities,beklaganden
pitiful,beklaglig
pitifully,beklagligt
pity,beklaga
pizza,pizza
plague,pest
plainer,enklare
plainest,vanligast
plan,plan
planner,planera
planning,planerande
plans,plander
play,spela
played,spelade
playful,lekfull
playfully,lekfullt
playfulness,lekfullhet
playing,lekande
playmate,lekkamrat
plays,leker
plead,åberopa
pleasant,trevlig
please,snälla du
pleasing,behaglig
pleasur,njutnin
pledge,lova
plenty,massor
pms,pms
podiatr,podiatr
poison,förgifta
polic,polis
polite,artig
politely,hövligt
politic,klok
poop,bajs
poor,fattig
poorer,sämre
poorest,fattigaste
poorhouse,fattighus
poorly,dåligt
poorness,poorness
popcorn,popcorn
pope,påve
popular,populär
populari,populari
pork,fläsk
porn,porr
portfolio,portfölj
positive,positiv
positively,positivt
positives,positiva
positivi,positivi
posse,posse
possib,possib
potato,potatis
potential,potential
poverty,fattigdom
power,kraft
powerful,kraftfull
powerfully,kraftigt
powerless,maktlös
powers,befogenheter
ppl,ppl
practically,praktiskt taget
practice,öva
practiced,tränad
practices,praxis
practicing,praktiserande
prais,berö
pray,be
prayed,bad
prayer,bön
praying,ber
prays,ber
preach,predika
precious,dyrbar
precis,Precis
predator,rovdjur
predict,förutspå
pregnan,gravi
prejudic,fördo
prepar,förbere
prereq,förutsätt
presbyterian,Presbyterian
prescri,recep
presentation,presentation
presiden,Presiden 
press,Tryck
pressed,nedtryckt
presses,pressar
pressing,brådskande
pressur,pressur
prestig,prestig
prettier,sötare
prettiest,prettiest
pretty,Söt
prevent,förhindra
prey,byte
price,pris
prici,prici
prick,sticka
pride,stolthet
priest,präst
prince,prins
prince',prins'
princes,prinsar
princess,prinsessa
principal,rektor
prison,fängelse
private,privat
privileg,privileg
prize,pris
probab,probab
probation,villkorlig dom
problem,problem
procrastin,prokrastin
produc,produk
prof,prof
profession,yrke
professor,professor
profit,vinst
profs,prof
prognos,prognos
program,program
project,projekt
projector,projektor
projects,projekt
prolly,förmodligen
prom,studentbal
prominen,framträdande
promiscu,promiscuity
promise,löfte
promising,lovande
promot,marknadsf
proof,bevis
prophe,profe
prospect,utsikt
prostat,prostat
prostitu,prostitu
protect,skydda
protest,protest
protestant,protestant 
protested,protesterade
protesting,protesterar 
protests,protester
proud,stolt
prouder,stoltare 
proudest,stoltaste 
proudly,stolt
prove,bevisa
provide,förse
provides,erbjuder
providing,erbjuder
proving,bevisar
provok,provocera
prozac,prozac
prude,pryd
prudish,pryd
psalm,psalm
psych,psyk
psychol,Psykol
pubic,pubis
public,offentlig
publish,publicera
puk,puk
pulse,puls
punish,straffa
puny,ynklig
purchas,köp
pure,ren
purely,rent
pureness,renhet
purer,renare
purest,renaste
purgator,skärsel
puritan,puritan
purity,renhet
purpose,syfte
pushier,påstridigare
pushiest,påstridigast
pushy,påstridig
puss,fitt
pussies,fittor
pussy,fitta
puzzl,pussel
qualifi,kvalifi
quarter,fjärdedel
queas,fråg
queen,drottning
queen's,drottnings
queens,drottningar
queer,queer
question,fråga
questioned,utfrågad
questioning,frågande
questions,frågor
quicker,snabbare
quickest,snabbaste
quieter,tystare
quietest,tystaste
quite,ganska
quiz,quiz
qur'an,Koranen
quran,Koranen
rabbi,rabbi
rabbinal,rabbinal
rabbinical,rabbinska
rabbis,rabbiner
radian,radian
rage,raseri
raging,rasande
ramadan,ramadan
rancid,härsken
random,slumpmässig
randomly,slumpvis
randomness,slumpmässighet
rank,rang
rape,våldta
raping,våldta
rapist,våldtäktsman
rarer,ovanlig
rarest,mest sällsynta
rash,utslag
rational,rationell
react,reagera
read,läsa
readiness,beredskap
ready,redo
reaper,skördeman
rearrang,ordna om
reason,anledning
reassur,försäkr
rebate,avdrag
rebel,rebell
receiv,få
recent,nyligen
recession,lågkonjunktur
recommend,rekommendera
reconstruct,rekonstruera
recruit,rekrytera
reek,stinka
refrain,avstå
refund,återbetalning
refus,vägra
register,Registrera
registra,registrer
regret,ångra
regulat,regler
rehab,rehab
reign,regera
reimburs,ersätta
reinvigor,återuppliv
reject,avvisa
rejoice,glädjas
relate,relatera
relationship,relation
relatives,släktingar
relax,koppla av
relief,lättnad
reliev,lättnad
religio,religio
reluctan,motvil
remaining,återstående
remembrance,minne
remorse,ånger
rent,hyra
reorgani,omorgani
replie,svar
reply,svar
report,Rapportera
repress,förtränga
request,begäran
requir,kräv
research,forskning
resent,förnärmelse
resign,avgå
resist,motstå
resolv,lösa
resource,resurs
resources,resurser
resourcing,resurser
respect,respekt
respected,respekterad
respectful,respekt
respectfully,respekt
respecting,respektera
respects,respekter
respond,svara
response,svar
responsib,ansvari
restau,restaurang
restless,rastlös
restructur,omstrukturera
result,resultat
resume,återuppta
retail,detaljhandeln
retard,fördröjning
retina,retina
retire,avgå
retiring,avgående
revenge,hämnd
revenue,vinst
review,recension
revis,revis
revolution,rotation
reward,belöning
rhetor,retorik
rib,revben
ribs,revben
rice,ris
rich,rik
richer,rikare
riches,rikedomar
richest,rikaste
ridicul,löjligt
rigid,stel
rigidity,stelhet
rigidly,stelt
ringleader,ringledare
risk,risk
ritalin,ritalin
rite,rit
rites,riter
ritual,ritual
rofl,rofl
role,roll
romanc,romans
romantic,romantisk
rookie,nybörjare
roomate,rumskompis
roomed,rum
roomie,rumskompis
rooming,hyra
roommate,rumskamrat
root,rot
rosaries,radband
rosary,radband
rosh-hashan,rosh-hashanah
roshhashan,Roshhshan
rotten,rutten
rough,grov
rougher,grövre
roughest,tuffaste
round,rund
rounder,rundare
roundest,rundast
royal,kunglig
royalty,kunglighet
rt,rt
rub,gnugga
rubbed,gnuggade
rubbing,gnuggar
ruble,rubel
rubs,gnuggningar
rude,oförskämd
rudely,plumpt
ruin,ruin
rule,regel
ruler,linjal
rules,regler
ruling,styrande
rum,rom
rumor,rykte
rumour,rykte
rupee,rupee
rx,rx
s'pose,förmodar
sabbath,sabbat
sacred,helig
sacrific,offer
sad,ledsen
sadder,tråkigare
saddest,mest tragiska
sadly,tyvärr
sadness,sorg
safe,säker
safely,säkert
safer,säkrare
safest,säkraste
safety,säkerhet
said,sa
saint,helgon
salad,sallad
salar,lön
sale,försäljning
sales,försäljning
saliv,saliv
salsa,salsa
salt,salt
salty,salt
salvation,frälsning
same,samma
sampl,prov
sand,sand
sands,sand
sandwich,smörgås
sandy,sandig
sarcas,offer
satan,satan
satisf,tillfredst
sauce,sås
sauces,såser
sausage,korv
savage,vilde
save,spara
saving,sparande
say,säga
saying,ordspråk
says,säger
scab,sårskorpa
scalp,skalp
scarce,knapp
scarcer,knappare
scarcest,knappast
scare,skrämma
scared,rädd
scares,larmrapporter
scarier,skrämmande
scariest,scariest
scaring,skrämma
scary,skrämmande
sceptic,skeptiker
schedul,schemaläg
schizophren,schizofren
scholar,akademiker
scholarly,vetenskaplig
scholars,akademiker
scholarship,stipendium
scholastic,skolastisk
school,skola
schoolboy,skolpojke
schoolgirl,skolflicka
schooling,skolutbildning
schoolmate,skolkamrat
schools,skolor
schoolwork,skolarbete
scien,vetensk
scrape,skrapa
scratch,repa
scream,skrika
screw,skruva
scriptur,skriptur
scrumptious,läcker
scum,avskum
second,andra
secret,hemlighet
secretar,sekre
secretive,hemlighetsfull
secretively,hemlighets
secretly,i hemlighet
secrets,hemligheter
sect,sekt
sectarian,sekteristisk
section,sektion
sector,sektor
sects,sekter
secur,säkerst
seduc,förför
seem,verka
seemed,verkade
seeming,skenbar
seems,verkar
segment,segmentet
seizure,anfall
self,själv
selfish,självisk
sell,sälja
seller,säljare
selling,försäljning
sells,säljer
semester,termin
seminar,seminarium
seminars,seminarier
seminary,seminarium
senat,senat
send,skicka
sender,avsändare
sending,sändning
sends,sänder
senior,senior
senor,senor
senora,senora
senorita,senorita
sensation,känsla
sensations,förnimmelser
sent,skickade
sentimental,sentimental
series,serier
serious,allvarlig
seriously,allvarligt
seriousness,allvar
servant,tjänare
servic,servic
servings,serveringar
ses,ses
session,session
seven,sju
several,flera
severe,svår
sex,sex
sexier,sexigare
sexiest,sexiest
sexily,sexily
sexiness,sexiness
sexing,könsbestämning
sexless,könlös
sexploit,sexploatera
sexpot,sexpot
sext,sext
sexual,sexuell
sexy,sexig
shadier,skuggigare
shadiest,skuggigast
shake,skaka
shaki,skakan
shaky,skakig
shall,skall
shame,skam
shan't,får inte
shant,får inte
share,dela med sig
shared,delad
shareholder,aktieägare
shares,aktier
sharing,delning
sharp,skarp
she,hon
she'd,hon hade
she'll,hon kommer
she's,hon är
she-,hon
shes,hon är
shi',hon
shiite,skite
shilling,shilling
shirt,skjorta
shit,Skit
shock,chock
shoe,sko
shook,skakade
shop,affär
shopaholic,shopaholic
shopp,shopp
shops,butiker
shorter,kortare
shortest,kortaste
shoulder,axel
shrine,helgedom
shy,blyg
shyly,blygt
shyness,blyghet
sibling,syskon
sick,sjuk
sickday,sjukdag
sicken,äcklas
sicker,sjukare
sickest,sjukaste 
sickleave,sjukskriven
sickly,sjuklig
sickness,sjukdom
sidekick,hjälpreda
sigh,suck
sighed,suckade
sighing,suck
sighs,suck
sikh,sikh
silk,silke
sillier,sillier
silliest,dummaste
silly,dumbom
similar,liknande
simpler,enklare
simplest,enklaste
sin,synd
since,eftersom
sincer,sincer
single,enda
singles,singel
singly,var för sig
sinister,ond
sinn,syn
sins,synder
sinus,bihål
sir,herr
sis,sys
sister,syster
six,sex
skank,slampa
skelet,skelett
skeptic,skeptiker
skill,skicklighet
skin,hud
skin',hud'
skinnier,smalare
skinniest,skinniest
skull,skull
slain,dödad
slaughter,slakt
slave,slav
slay,dräpa
sleep,sömn
sleepier,sleepier
sleepiest,sleepiest
sleeping,sovande
sleepless,sömnlös
sleeps,sover
sleepwalk,sömnen
sleepy,sömnig
slept,sov
slower,långsammare
slowest,långsammaste
slut,slut
small,liten
smaller,mindre
smallest,minsta
smart,smart
smarter,smartare
smartest,smartast
smartly,smart
smh,smh
smil,le
smok,rök
smooth,slät
smother,kväva
sms,sms
smsed,smsade
smug,självbelåten
snack,snack
snapchat,snapchat
snob,snobb
sob,lipa
sobbed,snyftade
sobbing,gråt
sobs,gråt
sociability,sällskaplighet
sociable,sällskaplig
social,social
socially,socialt
societ,samhäll
soda,soda
soft,mjuk
softer,mjukare
softest,mjukast
softly,mjukt
sold,såld
soldier,soldat
soldiers,soldater
solemn,ensam
solution,lösning
solve,lösa
solved,löst
solves,löser
solving,lösning
some,några
somebod,någon
someday,någon dag
somehow,på något sätt
someone,någon
something,något
sometime,någon gång
sometimes,ibland
somewhat,något
somewhere,någonstans
son,son
son's,sons
son-in-law,svärson
sonofa,son till en
sons,söner
soon,snart
sooner,förr
soonest,snarast
sophom,andraårs
sore,öm
sororit,kvinnofören
sorrow,sorg
sorry,förlåt
sort,sortera
sorta,typ
sortof,typ
sorts,sorts
sortsa,sorter
soul,själ
soulmate,själsfrände
souls,själar
soup,soppa
source,källa
sovereign,suverän
spaghetti,spaghetti
spat,spat
speak,tala
speaking,talar
speaks,talar
spearhead,spjutspets
special,särskild
specific,specifik
specifically,specifikt
specifics,detaljerna
spend,spendera
spender,spenderar
spending,utgifterna
spends,spenderar
spent,spenderade
spinal,ryggr
spine,ryggrad
spirit,anda
spit,spott
spite,trots
spits,spottar
spitting,spottande
splendid,utmärkt
splendidly,utmärkt
splendor,prakt
spoke,pratade
spose,partner
spous,partne
squad,trupp
squeez,klämm
sr,sr
sra,sra
staff,personal
stale,stela
stammer,stammar
stank,stank
stapl,stapl
start-up,start-up
startl,startl
startup,startup
starve,svälta
starving,svält
status,status
std,std
steal,stjäla
stench,stank
step-child,styvbarn
step-dad,styvpappa
step-dau,styv-dott
step-fath,styvfar
step-kid,styvbarn
step-moth,styvmamm
step-son,styvson
stepchild,styvbarn
stepdad,styvpappa
stepdau,stepdott
stepfath,styvfar
stepkid,styvbarn
stepmoth,styvmamm
stepson,styvson
stfu,stfu
stiff,styv
stiffer,styvare
stiffest,styvast
stiffly,styft
stimul,stimul
stink,stank
stinky,illaluktande
stipend,stipend
stock,lager
stocked,lagrad
stocks,lager
stomach,mage
stop,sluta
stopped,stoppad
stopping,stoppning
stops,stopp
store,Lagra
stores,butiker
stories,historier
story,berättelse
straighter,rakare
straightest,rakaste
strain,anstränga
strange,konstig
strangest,underlig
strength,styrka
strept,strep
stress,påfrestning
stricter,striktare
strictest,striktast
stroke,stroke
stroki,stroki
strong,stark
stronger,starkare
strongest,starkast
strongly,starkt
struggl,kamp
stubborn,envis
stud,hingst
student,student
studied,studerad
studies,studier
studio,studio
studios,studios
studious,flitig
study,studera
stunk,stank
stunned,bedövad
stuns,bedöva
stupid,korkad
stupider,dummare
stupidest,dummaste
stupidity,dumhet
stupidly,dumt
stutter,stamma
subjugate,underordna
submissive,undergiven
submit,Skicka in
subordinat,subordiner
subserv,subserv
subvers,subvers
subvert,omstörta
succeed,lyckas
success,Framgång
successes,framgångar
successful,framgångsrik
successfully,framgångsrikt
suck,suga
sucked,sög
sucker,sugare
sucks,suger
sucky,sugig
suffer,lida
suffered,lidit
sufferer,lidande person
suffering,lidande
suffers,lider
sugar,sockerarter
sugardadd,sugardadd
sugarmam,sugarmam
sugarmom,sugarmom
sugars,sockerarter
sugary,sötade
suggest,föreslå
suicid,självmor
sunburn,solbränna
sunni,solig
sunnier,soligare
sunniest,soligast
sunnis,sunni
sunny,solig
sunshin,solsske
super,super
superb,utmärkt
superior,överlägsen
superiority,överlägsenhet
superiors,överlordn
superstar,stjärna
supervis,ledning
supper,middag
support,stöd
supported,stöds
supporter,anhängare
supporting,stödjande
supportive,stödjande
supports,bärare
suppose,anta
supposed,förment
supposedly,antagl
supposes,antar
supposing,utgår från
supposition,antagande
suppress,dämpa
suprem,högsa
sure,säker
surgeon,kirurg
surger,kirurgi
surprise,överraskning
surprised,överraskad
surprising,förvånande
surrender,överlämna
sushi,sushi
suspicio,misstank
swallow,svälja
sweat,svettas
sweet,ljuv
sweeter,sötare
sweetest,sötast
sweetheart,älskling
sweetie,sötnos
sweetly,sött
sweetness,sötma
sweets,sötsaker
swelling,svullnad
swinger,swinger
swollen,svullen
syllabus,kursplan
sympath,sympat
symptom,symptom
syndrome,syndrom
syphili,
taco,
talent,talang
talk,prata
talkative,pratsam
talked,talade
talker,talare
talking,talande
talks,samtal
taller,längre
tallest,högsta
tantrum,raseri
tasks,uppgifter
taste,smak
tasted,smakade
tastes,smaker
tastier,tastier
tastiest,goda
tasting,provsmakning
tasty,gott
taught,lärde
tax,beskatta
taxa,taxa
taxed,beskattas
taxes,skatter
taxing,beskatta
tea,te
teach,lära
team,team
tears,tårar
teas,
tedious,
teehe,Open in Google Translate
teen,tonåring
teenage,tonårs
teeth,tänder
telephon,telefon
tell,säga
telling,talande
tells,berättar
temper,humör
tempers,humöret
temple,tempel
tempora,tillfäll
ten,tio
tender,öm
tenderly,ömt
tendon,sena
tendoni,inflammation
tendons,senor
tense,spänd
tensely,spänt
tensing,spänna
tension,spänning
tentativ,tentativ
tenth,tionde
tenure,besittnings
tequila,tequila
terrible,fruktansvärd
terribly,fruktansvärt
terrific,fantastiskt
terrifically,oerhört
terrified,
terrifies,
terrify,skrämma
terrifying,skrämma
terror,skräck
test,testa
testament,testament
tested,testat
testing,testning
testosterone,testoste
tests,tester
textbook,standard
texted,textmeddeland
texting,sms
than,än
thank,tacka
thanked,tackat
thankful,tacksam
thankfully,lyckligtvis
thanking,tacka
thanks,tack
thanx,tackar
that'll,det kommer att
thatll,det kommer att
thee,dig
their,deras
them,dem
themselves,sig själva
then,sedan
theolog,teolo
theor,teor
therap,terap
thereafter,därefter
therefor,därför
thermometer,termometer
theses,avhandlingar
thesis,avhandling
they,de
they'd,de hade
they'll,de ska
they're,de är
they've,de har
theyd,dom hade
theyll,dom ska
theyre,dom är
theyve,dom har
thick,tjock
thief,tjuv
thiev,tjuvakt
thigh,lår
thine,er
thinner,tunna
thinnest,tunnaste
third,tredje
thirst,törst
thirsting,törstande
thirsts,törstar
thirsty,törstig
thirt,thirt
thnx,tack
thou,du
thoughtful,omtänksam
thousand,tusen
thoust,thoust
threat,hot
three,tre
thrift,sparsamhet
thriftier,ekonomisk
thriftiest,thriftiest
thrifty,sparsam
thrill,spänning
throat,hals
throb,bulta
throne,tron
thumbs,tummen
thus,alltså
thx,tack
thy,din
thyroid,sköldkörtel
tight,tajt
tighter,nära
tightest,snäv
tightly,tajt
timid,blyg
tingl,kittla
tinier,marginell
tiniest,pytte
tiny,minimal
tired,trött
tiredest,tröttast
tiring,tröttsam
tit,mes
tits,bröst
titties,tuttar
titty,tutte
toe,tår
toefl,toefl
toenail,tånagel
toes,tår
together,tillsammans
told,berättade
toleran,toler
tomb,grav
tomboy,pojkflicka
tombs,gravar
tomorrow,i morgon
ton,tonsiller
tongue,tunga
tonight,i kväll
tons,ton
tonsils,tonsiller
tooth,tand
top,topp
torah,torah
tortur,tortyr
total,total
totally,totalt
touch,vidrör
tough,tuffaste
tougher,tuffare
toughest,tuffaste
tox,gifti
trade,handel
trading,handel
traged,traged
tragic,tragisk
tragically,tragiskt
tranquil,lugn
transact,transakt
transcript,transkri
transfer,överföra
trauma,trauma
treasur,skatt
treat,behandla
trembl,darra
tricep,tricep
trick,lura
tricked,lurade
trickier,svårare
trickiest,svåraste
tricks,trick
tricky,knepig
trigger,avtryckare
trillion,biljon
triple,trippel
tripling,tredubbl
trite,banal
triumph,triumf
trivial,trivial
troubl,problem
TRUE,sann
truer,mer sann
truest,sannaste
truly,verkligt
trust,tilllit
trusted,betrodd
trusting,lita
trusts,litar
trustworthiness,trovärdighet
trustworthy,pålitlig
trusty,pålitliga
truth,sanning
try,prova
trying,påfrestande
tryna,testa
tuition,undervisning
tummy,mage
tumo,tumör
turmoil,kaos
tutor,handledare
twat,fitta
tweet,tweet
twel,tolv
twent,tjugo
twice,dubbelt
twitch,rycka till
twitched,ryckte
twitches,ryckningar
twitching,ryckningar
twitchy,spasti
twitter,twitter
two,två
ty,tack
tylenol,alvedon
typed,typbestämd
typically,oftast
typing,skriver
ugh,usch
uglier,fulare
ugliest,ugliest
ugly,ful
ulcer,magsår
unaccept,oaccept
unambigu,utan tvivel
unattractive,oattraktiv
uncertain,osäker
uncle,farbror
uncle's,farbrors
unclear,oklar
uncles,farbröder
uncomfortabl,obekvä
uncontrol,okontroll
undecided,obeslutsam
undeniab,tvivelsuran
under,under
underclass,arbetarklass
underdog,underläge
undergrad,student
underling,underhugg
underpaid,underbetal
underprivileg,lågavlön
undesir,oönska
undetermin,oklar
undoubt,otvivel
uneas,uneas
unemploy,arbetslös
unfair,orättvis
unfortunate,olyckligt
unfriendly,ovänlig
ungrateful,otacksam
unhapp,olycklig
unhealthy,ohälsosam
unimportant,oviktig
unimpress,föga imponerad
unique,unik
universit,universit
unkind,ovänlig
unknowing,ovetande
unknowingly,omedvetet
unknown,okänd
unlikel,osannolikt
unlov,inte älskvärd
unlucky,olycklig
unpleasant,obehaglig
unproduc,improduktiv
unprotected, oskydd
unqualified,okvalificerad
unquestion,oifråga
unresolv,oupplöst
unsafe,osäker
unsavory,motbjudande
unsettl,obehaglig
unsuccessful,misslyckad
unsure,osäker
unwanted,oönskad
unwelcom,ovälkom
up,upp
up-and-coming,genombrott
upbeat,positiv
upcoming,kommande
upper,övre
upperclass,överklass
upset,upprörd
upsets,störningar
upsetting,upprörande
uptight,spänd
ur,du är
urin,urin
urn,urna
us,oss
usd,dollar
use,använda sig av
used,använda sig av
useful,användbar
usefully,användbarhet
usefulness,användbarhet
useless,värdelös
uselessly,värdelöst
uselessness,oanvändbarhet
uses,användningar
using,använder
usually,vanligtvis
uter,livmod
vag,vagin
vagin,vaginal
vague,vag
vaguely,vagt
vagueness,vaghet
vaguer,vagare
vaguest,vag
vain,fåfäng
valentin,valentin
valuabl,värdefu
value,värde
valued,värderad
values,värden
valuing,värdera
vanity,fåfänga
vanquish,besegra
variab,variab
varies,varierar
variety,mängd
various,olika
varsit,sport
vary,variera
vatican,vatican
vd,std
veget,grönsak
veggie,vegeta
veil,slöja
vein,ven
venmo,venmo
verb,verb
vertigo,vertigo
veteran,veteran
viagra,viagra
vibrator,vibrator
vicious,ond
viciously,illvilligt
viciousness,elak
vicodin,vicodin
victim,offer
victor,segrare
vigilan,medborgargard
vigor,kraft
vigour,kraft
vile,vidrig
villain,skurk
violat,överträd
violence,våld
violent,våldsam
violently,våldsamt
vip,vip
virgin,jungfrulig
virtually,i princip
virtue,dygd
virtuo,virtuo
visa,visum
visibly,synligt
visit,besök
visited,besökt
visiting,besöker
visits,besök
vita,vite
vital,avgörande
vitamin,vitamin
vitas,livs
vocation,yrke
vodka,vodka
vomit,kräkas
vp,vp
vulnerab,sårbar
wage,lön
wager,slå vad
wagered,satsad
wagering,vadslagning
wagers,satsningar
wages,lön
waist,midja
wake,vakna
wank,runk
wanna,vill
wants,önskemål
war,krig
warehous,warehous
warfare,krigföring
warm,värma
warmed,värmdes
warmer,varmare
warmest,varmaste
warming,uppvärmningen
warmly,varmt
warms,värmer
warmth,värme
warn,varna
warred,krigade
warring,stridande
wars,krig
wart,vårta
warts,vårtor
wash,tvätta
washed,tvättat
washes,tvättar
washing,tvätta
wat,vatten
water,vatten
wattt,vapen
we,vi
we'd,vi borde
we'll,vi ska
we're,vi är
we've,vi har
weak,svag
weaken,göra svagare
weakened,försvagade
weakening,försvaga
weakens,försvaga
weaker,svaga
weakest,vekast
weakling,vekling
weakly,svagt
weakness,svaghet
wealth,rikedom
wealthier,rikare
wealthiest,rikaste
wealthy,rik
weapon,vapen
wear,ha på sig
wearing,har på sig
wears,less
weary,trötta
wed,gifta
wedding,bröllop
weds,gifter
weenie,pytte
weep,gråta
weigh,vägga
weighed,vägde
weighing,vägning
weighs,väger
weight,vikt
weighted,viktade
weightless,viktlös
weights,vikter
weird,knäppt
weirded,chockad
weirder,skum
weirdest,knasig
weirdly,tokigt
weirdness,dumhet
weirdo,dumskal
weirdos,galnin
weirds,knäppt
welcom,välkom
welfare,välfärd
well,välkänd
well-known,välkänd
wellbeing,välbefinn
wellness,hälsa
wench,jänta
wept,gråtit
wet,blöt
wetter,väder
wettest,våtast
weve,vi har
what,vad ska
what'd,vad gjorde
what'll,vad ska
what're,vad är
what's,vad är
whatd,vad om 
whatever,vad som helst
whatll,vilket kommer
whatre,vilka är
whatt,vilkas
wheat,vete
wheez,väsande
when,när
when',närsom
whence,varav
whenever,närsom
where,där
where'd,var är
where's,vart är
whereby,varigenom
wherefore,varför
wherever,vart som helst
whether,huruvid
which,som
whichever,vilken som
whine,gnälla
whining,tjat
whiskey,whisky
whisky,whisky
whither,dit
who,vem
who'd,som skulle
who'll,vem ska
who's,som är
whod,som skulle
whoever,vemsom
whole,hela
wholl,helt
wholly,helt
whom,vem
whomever,vem
whore,hora
whos,vilkas
whose,vars
whosever,whosever
whoso,den som
why,varför
why',varför
whyever,whyever
wicked,ond
wickedly,knäppt
wider,bredare
widest,bredast
widow,änka
wife,fru
wilder,vildare
wildest,vildaste
will,kommer
willing,villig
wimp,tönt
win,vinna
wine,vin
wines,viner
winn,vinna
wins,segrar
wisdom,visdom
wise,klok
wisely,klokt
wiser,klokare
wisest,visaste
wish,önskar
wishes,lyckönskningar
wishing,önskar
witch,häxa
withdrawal,utsättn
wittier,skoj
wittiest,skämt
wive,fru
woe,ve
woman,kvinna
woman's,kvinnas
womanhood,kvinnlighet
womanly,kvinnlig
womans,kvinnas
womb,livmoder
women,kvinnor
won,vann
won't,osannoli
wonder,undra
wondered,undrade
wonderful,underbar
wonderfully,underbart
wondering,undrar
wonders,undrar
wont,kommer inte
wore,bära
work,arbete
work-out,träna
workabl,genomförbar
worked,arbetade
worker,arbetstagare
working,arbetssätt
workout,träna
works,fungera
workshop,verkstad
world-class,världsklass
worried,orolig
worrier,worrier
worries,bekymmer
worry,oro
worrying,oroande
worse,värre
worsen,förvärra
worsened,förvärrats
worsening,försämring
worsens,förvärr
worship,dyrkan
worst,värst
worth,värde
worthless,värdelös
worthwhile,värt
wound,skada
wow,wow
wrist,handled
write,skriva
writer,författare
writes,skrivningar
writing,skrivande
written,skriven
wrong,fel
wrongdoing,oegentlig
wronged,kränkta
wrongful,olov
wrongly,felaktigt
wrongness,felakt
wrongs,fel
wrote,skrev
wtf,wtf
wuss,mes
wussy,mesig
wut,fury
xanax,xanax
xerox,xerox
xray,röntgen
y'all,allihopa
y'all's,allihop
ya,japp
ya'll,allihop
yall,allihopa
yalls,allihopa
yawn,gäspa
yay,yay
ye,är
yearn,längta
yell,skrikande
yelled,vrålade
yelling,skrikande
yells,skriker
yen,yen
yiddish,jiddisch
yield,leder
you,du skulle
you'd,du skulle
you'll,du kommer
you're,du är
you've,du har
youd,du borde
youll,du kommer
younger,yngre
youngest,yngst
youngster,unge
your,din
youre,du är
yours,din
yourself,själv
yourselves,er själva
youve,du har
yuan,yuan
yuck,usch
yum,yum
yummy,mums
zen,zen
zero,noll
zillion,zillioner
zion,zion
zit,finne
zits,finnar
zoloft,zoloft
zombie,zombie